{"9f137189-eb7f-42ea-9c06-db5ef8178ebe": {"runs": 3, "reset_at": 1772164156.205678}, "86989cb8-8ed3-4f9d-854d-04e022bc978d": {"runs": 2, "reset_at": 1772814567.8886626}}